Name,Platform,AudienceSize,Description,AudienceSize_RU_All,BidSuggest_RU_All,BidMin_RU_All,BidMax_RU_All,DailyReachMin_RU_All,DailyReachMax_RU_All
iPad,iOS,120000000,"iPads (all)",1500000,1.96,1.92,2.01,,
iPhone,iOS,550000000,"iPhones (all)",11000000,5.31,5.24,5.66,,
iPod,iOS,6500000,"iPods (all)",25000,5.46,5.46,5.46,,
ipad,iOS,1000,"Apple iPad",1500000,1.96,1.92,2.01,,
"ipad 1",iOS,250000,"Apple iPad 1",1200,1.77,1.34,2.41,,
"ipad 2",iOS,11000000,"Apple iPad 2",140000,2.52,2.21,3.04,,
"ipad 3rd gen",iOS,7100000,"Apple iPad 3rd gen",150000,2.74,2.3,3.42,,
"ipad 4th gen",iOS,11000000,"Apple iPad 4th gen",250000,2.8,2.45,3.35,,
"ipad 5th gen",iOS,11000000,"Apple iPad 5th Gen",81000,3.56,3.1,4.2,,
"ipad air",iOS,16000000,"Apple iPad Air",240000,2.58,2.16,3.2,,
"ipad air 2",iOS,18000000,"Apple iPad Air 2",130000,3.23,2.6,4.26,,
"ipad mini",iOS,13000000,"Apple iPad mini",210000,2,1.75,2.44,,
"ipad mini 2",iOS,13000000,"Apple iPad mini 2",160000,2.35,2.06,2.77,,
"ipad mini 3",iOS,2100000,"Apple iPad mini 3",35000,3.02,2.61,3.67,,
"ipad mini 4",iOS,5300000,"Apple iPad mini 4",50000,2.59,2,3.5,,
"ipad pro",iOS,6300000,"Apple iPad Pro",52000,2.4,2.02,2.96,,
"ipad pro 2nd gen",iOS,3900000,"Apple iPad Pro 2nd Gen",38000,3.83,3.08,4.97,,
iphone,iOS,31000000,"Apple iPhone",11000000,5.31,5.24,5.66,,
"iphone 3gs",iOS,84000,"Apple iPhone 3GS",1500,1.67,1.56,1.9,,
"iphone 4",iOS,5900000,"Apple iPhone 4",130000,1.83,1.79,1.98,,
"iphone 4s",iOS,13000000,"Apple iPhone 4s",500000,2.47,2.47,2.47,,
"iphone 5",iOS,27000000,"Apple iPhone 5",800000,3.05,2.8,3.51,,
"iphone 5c",iOS,11000000,"Apple iPhone 5c",150000,2.09,2.09,2.17,,
"iphone 5s",iOS,66000000,"Apple iPhone 5s",3000000,3.64,3.64,3.64,,
"iphone 6",iOS,110000000,"Apple iPhone 6",2500000,3.05,2.83,3.35,,
"iphone 6 plus",iOS,28000000,"Apple iPhone 6 Plus",350000,3.61,3.45,4.19,,
"iphone 6s",iOS,88000000,"Apple iPhone 6s",1600000,4.93,4.46,5.48,,
"iphone 6s plus",iOS,30000000,"Apple iPhone 6s Plus",200000,2.7,2.23,3.43,,
"iphone 7",iOS,93000000,"Apple iPhone 7",1800000,3.61,3.32,4.01,,
"iphone 7 plus",iOS,56000000,"Apple iPhone 7 Plus",740000,4.52,4.27,4.98,,
"iphone 8",iOS,30000000,"Apple iPhone 8",390000,4.47,3.83,5.55,,
"iphone 8 plus",iOS,28000000,"Apple iPhone 8 Plus",350000,3.67,3.59,3.9,,
"iphone se",iOS,34000000,"Apple iPhone SE",1200000,3.2,3.13,3.35,,
"iphone x",iOS,32000000,"Apple iPhone X",470000,3.51,3.2,4,,
"ipod touch 1st generation",iOS,1000,"Apple iPod Touch 1st Generation",1000,0,0,0,,
"ipod touch 2nd generation",iOS,1000,"Apple iPod Touch 2nd Generation",1000,0,0,0,,
"ipod touch 3rd generation",iOS,10000,"Apple iPod Touch 3rd Generation",1000,0,0,0,,
"ipod touch 4th generation",iOS,240000,"Apple iPod Touch 4th Generation",1600,1.7,1.7,1.7,,
"ipod touch 5th generation",iOS,2300000,"Apple iPod Touch 5th Generation",17000,2.45,2.45,2.45,,
"ipod touch 6th generation",iOS,3600000,"Apple iPod Touch 6th Generation",6300,3.48,3.2,3.98,,
530,Windows,1000,"Philips 530",1000,0,0,0,,
"lumia 520",Windows,31000,"Nokia Lumia 520",1000,0,0,0,,
"lumia 535",Windows,32000,"Microsoft Lumia 535",1000,0,0,0,,
"lumia 630",Windows,15000,"Nokia Lumia 630",1000,0,0,0,,
"lumia 635",Windows,6900,"Nokia Lumia 635",1000,0,0,0,,
"lumia 640 lte",Windows,2700,"Nokia Lumia 640 LTE",1000,0,0,0,,
"lumia 920",Windows,1500,"Nokia Lumia 920",1000,0,0,0,,
microsoft,Windows,100000,"Microsoft Devices",1000,0,0,0,,
nokia,Windows,15000000,"Nokia Devices",280000,1.92,1.92,1.92,,
philips,Windows,1200000,"Philips Devices",150000,4.15,4.12,4.32,,
Android_Smartphone,Android,2100000000,"Android Smartphones (all)",19000000,2.27,2.27,2.27,,
Android_Tablet,Android,160000000,"Android Tablets (all)",2500000,3.24,3.24,3.24,,
10,Android,920000,"Htc 10",9300,3.19,2.87,3.72,,
1201,Android,4800,"Oppo 1201",1000,0,0,0,,
1603,Android,13000,"Vivo 1603",1000,0,0,0,,
2,Android,2500000,"Nokia 2",22000,2.88,2.88,3,,
3,Android,6100000,"Nokia 3",89000,4.65,4.65,4.65,,
5,Android,3600000,"Nokia 5",110000,3.06,2.67,3.71,,
5060,Android,1400000,"Advan 5060",1000,0,0,0,,
5t,Android,1300000,"Oneplus 5T",15000,3.31,2.83,4.21,,
6,Android,2100000,"Nokia 6",54000,2.93,2.69,3.32,,
a1000,Android,5100000,"Lenovo A1000",81000,1.93,1.93,1.93,,
a2010,Android,3600000,"Lenovo A2010",130000,2.45,2.45,2.45,,
a369i,Android,1100000,"Lenovo A369i",7500,2.86,2.86,2.86,,
a37,Android,40000000,"Oppo A37",2500,2.51,1.88,3.44,,
a39,Android,2300000,"Oppo A39",1000,1.9,1.46,2.52,,
a5000,Android,1100000,"Lenovo A5000",62000,4.74,4.74,4.74,,
a536,Android,1700000,"Lenovo A536",140000,2.92,2.92,2.92,,
a57,Android,8300000,"Oppo A57",1000,2.24,1.77,2.86,,
a6000,Android,4400000,"Lenovo A6000",13000,3.75,3.75,3.75,,
a6010,Android,1200000,"Lenovo A6010",72000,2.84,2.84,2.84,,
a6600,Android,1100000,"Lenovo A6600",1000,0,0,0,,
a7000,Android,2200000,"Lenovo A7000",5200,2.26,2.17,2.47,,
a71,Android,3800000,"Oppo A71",1000,0,0,0,,
"a71 (2018)",Android,2800000,"Oppo A71 (2018)",1000,0,0,0,,
a83,Android,2400000,"Oppo A83",2400,3.36,3.2,3.73,,
advan,Android,14000000,"Advan Devices",1300,2.76,2.42,3.26,,
alcatel,Android,45000000,"Alcatel Devices",630000,2.96,2.96,2.96,,
"allure a8",Android,1100000,"Condor Allure A8",1000,1.94,1.66,2.34,,
amazon,Android,7100000,"Amazon Devices",1200,2.28,1.93,2.8,,
"andromax a",Android,1000,"Smartfren Andromax A",1000,0,0,0,,
"andromax es",Android,110000,"Smartfren Andromax Es",1000,0,0,0,,
"aquos crystal",Android,160000,"Sharp Aquos Crystal",1000,0,0,0,,
"aquos crystal x",Android,58000,"Sharp Aquos Crystal X",1000,0,0,0,,
"aquos ever",Android,200000,"Sharp Aquos Ever",1000,0,0,0,,
"aquos phone serie shl22",Android,46000,"Sharp Aquos Phone Serie SHL22",1000,0,0,0,,
"aquos phone serie shl23",Android,100000,"Sharp Aquos Phone Serie SHL23",1000,0,0,0,,
"aquos phone xx mini",Android,120000,"Sharp Aquos Phone Xx mini",1000,0,0,0,,
"aquos phone zeta sh-02e",Android,36000,"Sharp Aquos Phone Zeta SH-02E",1000,0,0,0,,
"aquos xx",Android,160000,"Sharp Aquos Xx",1000,0,0,0,,
aristo,Android,3900000,"Lg Aristo",1000,2.59,2.35,3.02,,
"aristo 2",Android,1000,"Lg Aristo 2",1000,0,0,0,,
"ascend g610",Android,660000,"Huawei Ascend G610",2300,3.75,3.75,4.16,,
"ascend g620s",Android,560000,"Huawei Ascend G620S",1800,3.73,3.31,4.64,,
"ascend g7",Android,1300000,"Huawei Ascend G7",1500,3.86,3.86,4.01,,
"ascend g730",Android,1000000,"Huawei Ascend G730",1000,0,0,0,,
"ascend p7",Android,990000,"Huawei Ascend P7",6300,3.05,2.76,3.54,,
"ascend y221",Android,1400000,"Huawei Ascend Y221",1000,3.3,3.05,3.78,,
"ascend y330",Android,2100000,"Huawei Ascend Y330",1000,3.49,3.49,3.64,,
"ascend y336",Android,3000000,"Huawei Ascend Y336",10000,1.86,1.79,2.01,,
"ascend y360",Android,1800000,"Huawei Ascend Y360",1000,0,0,0,,
"ascend y520",Android,1600000,"Huawei Ascend Y520",1000,2.72,2.52,2.99,,
"ascend y530",Android,1200000,"Huawei Ascend Y530",1000,0,0,0,,
"ascend y550",Android,1000,"Huawei Ascend Y550",1100,1.77,1.62,1.97,,
"ascend y560",Android,2000000,"Huawei Ascend Y560",1400,0,0,0,,
"ascend y600",Android,670000,"Huawei Ascend Y600",1500,3.35,3.33,3.56,,
"ascend y625",Android,2000000,"Huawei Ascend Y625",1100,0,0,0,,
"ascend y635",Android,2200000,"Huawei Ascend Y635",2000,0,0,0,,
asus,Android,49000000,"Asus Devices",1300000,2.41,2.41,2.56,,
blackberry,Android,2100000,"Blackberry Devices",8100,2.8,2.41,3.39,,
"blade l2",Android,380000,"Zte Blade L2",2900,2.24,2.21,2.39,,
"blade l5",Android,880000,"Zte Blade L5",1300,2.92,2.92,2.92,,
"blade z max",Android,2000000,"Zte Blade Z Max",1000,0,0,0,,
"camon c8",Android,1200000,"Tecno Camon C8",1000,0,0,0,,
condor,Android,1000,"Condor Devices",1300,2.19,1.84,2.7,,
"desire 510",Android,450000,"Htc Desire 510",3600,3.08,3.08,3.08,,
"desire 526g",Android,960000,"Htc Desire 526G",54000,3.7,3.7,3.77,,
"desire 530",Android,1400000,"Htc Desire 530",6300,3.09,2.95,3.31,,
"desire 620g",Android,1000000,"Htc Desire 620G",53000,4.27,4.17,4.72,,
"desire 626",Android,1100000,"Htc Desire 626",8800,2.07,1.92,2.31,,
"desire 626s",Android,1200000,"Htc Desire 626S",1000,2.2,2.2,2.2,,
"desire 728",Android,1200000,"Htc Desire 728",3400,2.34,2.13,2.68,,
"desire 816",Android,800000,"Htc Desire 816",11000,3.48,3.04,4.3,,
"desire 820",Android,850000,"Htc Desire 820",2100,3.18,2.94,3.62,,
"desire 820g+",Android,1200000,"Htc Desire 820G+",1000,2.02,1.61,2.59,,
docomo,Android,6000000,"Docomo Devices",1000,4.26,3.84,4.88,,
"droid maxx",Android,960000,"Motorola Droid Maxx",1000,4,3.81,4.41,,
"droid mini",Android,240000,"Motorola Droid Mini",1000,0,0,0,,
"droid razr",Android,130000,"Motorola Droid Razr",1000,0,0,0,,
"droid razr 4g",Android,1000,"Motorola Droid Razr 4G",1000,0,0,0,,
"droid razr hd",Android,84000,"Motorola Droid Razr HD",1000,0,0,0,,
"droid razr m",Android,1000,"Motorola Droid Razr M",1000,0,0,0,,
"droid turbo",Android,1200000,"Motorola Droid Turbo",2500,0,0,0,,
"droid turbo 2",Android,1100000,"Motorola Droid Turbo 2",1000,3.18,3.18,3.28,,
f1,Android,1000,"Oppo F1",1000,2.25,1.9,2.91,,
"f1 plus",Android,1300000,"Oppo F1 Plus",1000,2.23,1.74,3.03,,
"f103 pro",Android,1300000,"Gionee F103 Pro",1000,0,0,0,,
f1s,Android,13000000,"Oppo F1s",2000,2.07,1.61,2.79,,
f3,Android,5000000,"Oppo F3",1000,2.24,1.71,3.11,,
"f3 plus",Android,1100000,"Oppo F3 Plus",1000,2.43,1.87,3.36,,
f5,Android,5800000,"Oppo F5",6900,4,3.69,4.62,,
"f5 youth",Android,1800000,"Oppo F5 Youth",3400,0,0,0,,
fire,Android,1800000,"Amazon Fire",1000,0,0,0,,
"fire hd 8 (2017)",Android,1100000,"Amazon Fire HD 8 (2017)",1000,2.73,2.26,3.43,,
fortune,Android,1000,"Lg Fortune",1500,3.01,2.86,3.18,,
"g play mini",Android,1400000,"Huawei G Play Mini",1000,2.49,2.08,3.19,,
"g pro lite",Android,1100000,"Lg G Pro Lite",7000,4.7,4.7,5.02,,
"g stylo",Android,1400000,"Lg G Stylo",3300,3.24,3.24,3.36,,
g2,Android,1800000,"Lg G2",15000,4.43,4.43,4.43,,
"g2 mini",Android,820000,"Lg G2 Mini",12000,2.57,2.57,2.61,,
g3,Android,4400000,"Lg G3",35000,2.63,2.62,2.87,,
"g3 a",Android,30000,"Lg G3 A",1000,0,0,0,,
"g3 beat",Android,110000,"Lg G3 Beat",1000,5.82,5.81,6.14,,
"g3 mini",Android,1000,"Lg G3 Mini",1000,0,0,0,,
"g3 prime",Android,100000,"Lg G3 Prime",1000,0,0,0,,
"g3 s",Android,710000,"Lg G3 S",5500,2.01,1.95,2.21,,
"g3 stylus",Android,2300000,"Lg G3 Stylus",7600,2.64,2.57,3.04,,
"g3 vigor",Android,78000,"Lg G3 Vigor",1000,0,0,0,,
g4,Android,3900000,"Lg G4",18000,3.32,3.18,3.75,,
"g4 beat",Android,790000,"Lg G4 Beat",14000,2.63,2.59,2.77,,
"g4 stylus",Android,1800000,"Lg G4 Stylus",2600,2.55,2.28,2.94,,
g4c,Android,900000,"Lg G4c",26000,2.18,2.18,2.18,,
g5,Android,3700000,"Lg G5",15000,3.37,3.25,3.7,,
g6,Android,3200000,"Lg G6",13000,2.91,2.48,3.71,,
g8,Android,1600000,"Huawei G8",2900,3.05,2.85,3.42,,
"galaxy a3",Android,7000000,"Samsung Galaxy A3",310000,3.7,3.38,4.26,,
"galaxy a3 (2016)",Android,9700000,"Samsung Galaxy A3 (2016)",450000,2.45,2.26,2.66,,
"galaxy a3 (2017)",Android,1000,"Samsung Galaxy A3 (2017)",220000,4.45,4.25,4.8,,
"galaxy a5",Android,11000000,"Samsung Galaxy A5",250000,3.69,3.49,4.18,,
"galaxy a5 (2016)",Android,13000000,"Samsung Galaxy A5 (2016)",490000,3.16,3.16,3.25,,
"galaxy a5 (2017)",Android,17000000,"Samsung Galaxy A5 (2017)",620000,2.85,2.69,3.25,,
"galaxy a7",Android,2500000,"Samsung Galaxy A7",45000,2.51,2.31,2.93,,
"galaxy a7 (2016)",Android,4600000,"Samsung Galaxy A7 (2016)",64000,3.64,3.5,4,,
"galaxy a7 (2017)",Android,5300000,"Samsung Galaxy A7 (2017)",140000,2.56,2.46,2.74,,
"galaxy a8",Android,2000000,"Samsung Galaxy A8",1700,3.81,3.29,4.47,,
"galaxy a8 (2018)",Android,1700000,"Samsung Galaxy A8 (2018)",37000,4.25,3.69,5.14,,
"galaxy a9 pro (2016)",Android,1300000,"Samsung Galaxy A9 Pro (2016)",1900,2.93,2.47,3.63,,
"galaxy ace",Android,2200000,"Samsung Galaxy Ace",3200,1.73,1.41,2.2,,
"galaxy ace 2",Android,900000,"Samsung Galaxy Ace 2",6600,2.67,2.44,2.96,,
"galaxy ace 3",Android,2100000,"Samsung Galaxy Ace 3",13000,3.68,3.68,3.68,,
"galaxy ace 4",Android,550000,"Samsung Galaxy Ace 4",1000,2.16,2.16,2.16,,
"galaxy ace 4 duos",Android,670000,"Samsung Galaxy Ace 4 Duos",1000,0,0,0,,
"galaxy ace 4 lite duos",Android,430000,"Samsung Galaxy Ace 4 Lite Duos",1000,0,0,0,,
"galaxy ace 4 neo",Android,1000,"Samsung Galaxy Ace 4 Neo",1000,0,0,0,,
"galaxy ace duos",Android,190000,"Samsung Galaxy Ace Duos",1000,2.67,2.51,2.9,,
"galaxy ace nxt",Android,730000,"Samsung Galaxy Ace NXT",15000,2.82,2.82,2.83,,
"galaxy ace plus",Android,310000,"Samsung Galaxy Ace Plus",1000,2.15,1.94,2.44,,
"galaxy ace style",Android,2300000,"Samsung Galaxy Ace Style",4600,2.27,2.27,2.3,,
"galaxy alpha",Android,1500000,"Samsung Galaxy Alpha",43000,3.5,3.09,4.04,,
"galaxy avant",Android,650000,"Samsung Galaxy Avant",1000,0,0,0,,
"galaxy c7 pro",Android,1800000,"Samsung Galaxy C7 Pro",1000,3.29,2.6,4.5,,
"galaxy c9 pro",Android,1600000,"Samsung Galaxy C9 Pro",1100,2.65,2.04,3.7,,
"galaxy centura",Android,23000,"Samsung Galaxy Centura",1000,0,0,0,,
"galaxy chat",Android,620000,"Samsung Galaxy Chat",1000,0,0,0,,
"galaxy core",Android,4400000,"Samsung Galaxy Core",27000,2.57,2.39,2.84,,
"galaxy core 2",Android,7400000,"Samsung Galaxy Core 2",110000,3.09,3.09,3.09,,
"galaxy core 2 duos",Android,3900000,"Samsung Galaxy Core 2 Duos",1000,0,0,0,,
"galaxy core plus",Android,1700000,"Samsung Galaxy Core Plus",1000,0,0,0,,
"galaxy core prime",Android,9700000,"Samsung Galaxy Core Prime",51000,2.22,1.99,2.54,,
"galaxy core prime duos",Android,4800000,"Samsung Galaxy Core Prime Duos",35000,2.24,2.12,2.46,,
"galaxy e5",Android,2700000,"Samsung Galaxy E5",14000,2.88,2.76,3.08,,
"galaxy e7",Android,2100000,"Samsung Galaxy E7",1300,2.38,1.88,3.11,,
"galaxy exhibit",Android,190000,"Samsung Galaxy Exhibit",1000,0,0,0,,
"galaxy fame",Android,1600000,"Samsung Galaxy Fame",1000,1.54,1.54,1.56,,
"galaxy fame lite",Android,710000,"Samsung Galaxy Fame Lite",1000,3.91,3.91,3.91,,
"galaxy fame lite duos",Android,110000,"Samsung Galaxy Fame Lite Duos",1000,0,0,0,,
"galaxy gran neo duos",Android,760000,"Samsung Galaxy Gran Neo Duos",1000,0,0,0,,
"galaxy grand",Android,5900000,"Samsung Galaxy Grand",28000,3.61,3.61,3.71,,
"galaxy grand 2",Android,8200000,"Samsung Galaxy Grand 2",42000,3.54,3.08,4.36,,
"galaxy grand 2 duos",Android,350000,"Samsung Galaxy Grand 2 Duos",1000,0,0,0,,
"galaxy grand max",Android,1100000,"Samsung Galaxy Grand Max",1200,2.26,2.05,2.56,,
"galaxy grand neo",Android,19000000,"Samsung Galaxy Grand Neo",30000,2.36,2.15,2.67,,
"galaxy grand prime",Android,51000000,"Samsung Galaxy Grand Prime",420000,2,2,2,,
"galaxy grand prime plus",Android,17000000,"Samsung Galaxy Grand Prime Plus",440000,2.38,2.38,2.38,,
"galaxy grand quattro",Android,2300000,"Samsung Galaxy Grand Quattro",46000,2.06,2.06,2.06,,
"galaxy j1",Android,14000000,"Samsung Galaxy J1",52000,2.04,2.04,2.04,,
"galaxy j1 (2016)",Android,23000000,"Samsung Galaxy J1 (2016)",650000,2.56,2.32,2.88,,
"galaxy j1 ace",Android,34000000,"Samsung Galaxy J1 Ace",18000,4.99,4.57,5.66,,
"galaxy j1 mini",Android,13000000,"Samsung Galaxy J1 Mini",260000,2.33,2.33,2.33,,
"galaxy j1 mini prime",Android,8200000,"Samsung Galaxy J1 Mini Prime",70000,2.54,2.36,2.82,,
"galaxy j2",Android,50000000,"Samsung Galaxy J2",27000,2.61,2.44,2.85,,
"galaxy j2 (2016)",Android,10000000,"Samsung Galaxy J2 (2016)",1000,2.51,2.05,3.18,,
"galaxy j2 (2018)",Android,3100000,"Samsung Galaxy J2 (2018)",37000,3.05,2.92,3.32,,
"galaxy j2 prime",Android,54000000,"Samsung Galaxy J2 Prime",2100,2.09,1.72,2.59,,
"galaxy j3",Android,17000000,"Samsung Galaxy J3",24000,2.48,2.18,2.95,,
"galaxy j3 (2016)",Android,23000000,"Samsung Galaxy J3 (2016)",660000,2.9,2.79,3.22,,
"galaxy j3 (2017)",Android,7400000,"Samsung Galaxy J3 (2017)",270000,3.95,3.95,3.95,,
"galaxy j3 emerge",Android,2900000,"Samsung Galaxy J3 Emerge",1000,0,0,0,,
"galaxy j3 luna pro",Android,1000,"Samsung Galaxy J3 Luna Pro",1000,0,0,0,,
"galaxy j3 prime",Android,16000,"Samsung Galaxy J3 Prime",1000,0,0,0,,
"galaxy j3 prime (2017)",Android,3500000,"Samsung Galaxy J3 Prime (2017)",1000,3.35,2.89,4.13,,
"galaxy j3 pro",Android,4100000,"Samsung Galaxy J3 Pro",3000,3.67,3.4,4.12,,
"galaxy j5",Android,45000000,"Samsung Galaxy J5",38000,2.94,2.94,2.94,,
"galaxy j5 (2016)",Android,28000000,"Samsung Galaxy J5 (2016)",480000,3.78,3.61,4.35,,
"galaxy j5 (2017)",Android,10000000,"Samsung Galaxy J5 (2017)",180000,2.84,2.79,3.04,,
"galaxy j5 prime",Android,20000000,"Samsung Galaxy J5 Prime",200000,2.52,2.52,2.52,,
"galaxy j7",Android,44000000,"Samsung Galaxy J7",19000,2.26,1.92,2.78,,
"galaxy j7 (2016)",Android,29000000,"Samsung Galaxy J7 (2016)",300000,2.61,2.45,2.87,,
"galaxy j7 (2017)",Android,10000000,"Samsung Galaxy J7 (2017)",190000,3.19,2.85,3.66,,
"galaxy j7 core",Android,1800000,"Samsung Galaxy J7 Core",1000,0,0,0,,
"galaxy j7 max",Android,4600000,"Samsung Galaxy J7 Max",1000,2.21,1.58,3.27,,
"galaxy j7 neo",Android,3100000,"Samsung Galaxy J7 Neo",1000,2.38,2.38,2.38,,
"galaxy j7 nxt",Android,13000000,"Samsung Galaxy J7 Nxt",79000,3.16,2.86,3.65,,
"galaxy j7 prime",Android,49000000,"Samsung Galaxy J7 Prime",7400,2.23,1.75,2.93,,
"galaxy j7 pro",Android,10000000,"Samsung Galaxy J7 Pro",1900,2.31,1.81,3.03,,
"galaxy j7+",Android,1300000,"Samsung Galaxy J7+",1000,0,0,0,,
"galaxy light",Android,250000,"Samsung Galaxy Light",1000,0,0,0,,
"galaxy mega 2",Android,490000,"Samsung Galaxy Mega 2",1000,0,0,0,,
"galaxy mega 5.8",Android,1100000,"Samsung Galaxy Mega 5.8",12000,3.18,3.09,3.35,,
"galaxy mega 6.3",Android,810000,"Samsung Galaxy Mega 6.3",8100,5.15,4.64,5.91,,
"galaxy mini",Android,460000,"Samsung Galaxy Mini",1000,0,0,0,,
"galaxy mini 2",Android,210000,"Samsung Galaxy Mini 2",1000,0,0,0,,
"galaxy note",Android,1600000,"Samsung Galaxy Note",7500,2.57,2.37,3,,
"galaxy note 10.1",Android,1600000,"Samsung Galaxy Note 10.1",65000,2.36,2.12,2.83,,
"galaxy note 10.1 2014",Android,870000,"Samsung Galaxy Note 10.1 2014",22000,2.29,1.89,2.94,,
"galaxy note 3",Android,16000000,"Samsung Galaxy Note 3",130000,2.94,2.75,3.29,,
"galaxy note 3 neo",Android,2200000,"Samsung Galaxy Note 3 Neo",10000,5.97,5.47,6.88,,
"galaxy note 3 neo duos",Android,200000,"Samsung Galaxy Note 3 Neo Duos",1000,3.19,2.73,3.78,,
"galaxy note 4",Android,1000,"Samsung Galaxy Note 4",66000,3.1,2.84,3.52,,
"galaxy note 4 duos",Android,88000,"Samsung Galaxy Note 4 Duos",1000,2.64,2.26,3.13,,
"galaxy note 5",Android,14000000,"Samsung Galaxy Note 5",28000,4.58,3.77,5.84,,
"galaxy note 7",Android,79000,"Samsung Galaxy Note 7",1500,3.73,3.49,4.16,,
"galaxy note 8",Android,13000000,"Samsung Galaxy Note 8",64000,3.85,3.19,4.91,,
"galaxy note 8.0",Android,990000,"Samsung Galaxy Note 8.0",19000,2.55,2.19,3.05,,
"galaxy note edge",Android,1300000,"Samsung Galaxy Note Edge",4400,2.63,2.26,3.17,,
"galaxy note ii",Android,6400000,"Samsung Galaxy Note II",59000,3.93,3.68,4.4,,
"galaxy on5",Android,5800000,"Samsung Galaxy On5",1000,3.03,2.72,3.48,,
"galaxy on5 (2016)",Android,12000000,"Samsung Galaxy On5 (2016)",160000,2.29,2.29,2.29,,
"galaxy on7",Android,4800000,"Samsung Galaxy On7",1000,0,0,0,,
"galaxy on7 (2017)",Android,3700000,"Samsung Galaxy On7 (2017)",1000,0,0,0,,
"galaxy pocket",Android,550000,"Samsung Galaxy Pocket",1000,0,0,0,,
"galaxy pocket 2",Android,1000,"Samsung Galaxy Pocket 2",1000,0,0,0,,
"galaxy pocket 2 duos",Android,770000,"Samsung Galaxy Pocket 2 Duos",1000,0,0,0,,
"galaxy pocket duos",Android,110000,"Samsung Galaxy Pocket Duos",1000,0,0,0,,
"galaxy pocket neo",Android,2300000,"Samsung Galaxy Pocket Neo",2900,2.63,2.59,2.81,,
"galaxy pocket neo duos",Android,150000,"Samsung Galaxy Pocket Neo Duos",1000,0,0,0,,
"galaxy pocket plus",Android,1100000,"Samsung Galaxy Pocket Plus",1000,0,0,0,,
"galaxy s",Android,210000,"Samsung Galaxy S",1000,0,0,0,,
"galaxy s advance",Android,570000,"Samsung Galaxy S Advance",1500,1.93,1.91,2.03,,
"galaxy s duos",Android,2500000,"Samsung Galaxy S Duos",9000,2.39,2.26,2.61,,
"galaxy s duos 2",Android,6200000,"Samsung Galaxy S Duos 2",2400,2.08,1.71,2.6,,
"galaxy s duos 3",Android,2500000,"Samsung Galaxy S Duos 3",3100,1.66,1.58,1.8,,
"galaxy s ii",Android,1000,"Samsung Galaxy S II",23000,2.34,2.26,2.63,,
"galaxy s ii plus",Android,1100000,"Samsung Galaxy S II Plus",23000,1.67,1.67,1.67,,
"galaxy s ii skyrocket",Android,40000,"Samsung Galaxy S II Skyrocket",1000,3.24,3.24,3.24,,
"galaxy s ii tv",Android,300000,"Samsung Galaxy S II TV",1000,0,0,0,,
"galaxy s iii",Android,12000000,"Samsung Galaxy S III",120000,3.49,3.49,3.49,,
"galaxy s iii alpha",Android,59000,"Samsung Galaxy S III Alpha",1000,0,0,0,,
"galaxy s iii mini",Android,9100000,"Samsung Galaxy S III Mini",46000,3.77,3.77,3.77,,
"galaxy s iii neo",Android,7500000,"Samsung Galaxy S III Neo",340000,3.49,3.29,3.9,,
"galaxy s iii neo plus",Android,270000,"Samsung Galaxy S III Neo Plus",1000,0,0,0,,
"galaxy s iii neo+",Android,1000,"Samsung Galaxy S III Neo+",1000,0,0,0,,
"galaxy s iii slim",Android,230000,"Samsung Galaxy S III Slim",1000,0,0,0,,
"galaxy s4",Android,18000000,"Samsung Galaxy S4",220000,2.61,2.45,2.8,,
"galaxy s4 active",Android,590000,"Samsung Galaxy S4 Active",4500,2.51,2.36,2.87,,
"galaxy s4 mini",Android,7600000,"Samsung Galaxy S4 Mini",220000,2.63,2.55,2.87,,
"galaxy s4 value edition",Android,1300000,"Samsung Galaxy S4 Value Edition",2600,1.5,1.5,1.52,,
"galaxy s4 zoom",Android,1000,"Samsung Galaxy S4 Zoom",4200,2.26,2.25,2.4,,
"galaxy s5",Android,28000000,"Samsung Galaxy S5",260000,3.12,3,3.37,,
"galaxy s5 active",Android,730000,"Samsung Galaxy S5 Active",1000,0,0,0,,
"galaxy s5 duos",Android,170000,"Samsung Galaxy S5 Duos",1000,0,0,0,,
"galaxy s5 mini",Android,5300000,"Samsung Galaxy S5 Mini",120000,3.19,3.04,3.44,,
"galaxy s5 neo",Android,3700000,"Samsung Galaxy S5 Neo",2000,2.01,1.72,2.56,,
"galaxy s5 plus",Android,1000000,"Samsung Galaxy S5 Plus",1000,0,0,0,,
"galaxy s5 prime",Android,480000,"Samsung Galaxy S5 Prime",2400,2.35,2,3.09,,
"galaxy s5 sport",Android,180000,"Samsung Galaxy S5 Sport",1400,4.32,4.19,4.73,,
"galaxy s6",Android,27000000,"Samsung Galaxy S6",230000,3.52,3.19,4.13,,
"galaxy s6 active",Android,810000,"Samsung Galaxy S6 Active",1000,0,0,0,,
"galaxy s6 edge",Android,15000000,"Samsung Galaxy S6 Edge",220000,3.27,2.99,3.76,,
"galaxy s6 edge plus",Android,4900000,"Samsung Galaxy S6 Edge Plus",22000,3.84,3.12,4.91,,
"galaxy s7",Android,1000,"Samsung Galaxy S7",270000,3.9,3.62,4.36,,
"galaxy s7 active",Android,1100000,"Samsung Galaxy S7 Active",1000,3.32,2.76,4.16,,
"galaxy s7 edge",Android,34000000,"Samsung Galaxy S7 Edge",290000,3.22,2.88,3.85,,
"galaxy s8",Android,1000,"Samsung Galaxy S8",310000,4.43,4.21,4.85,,
"galaxy s8+",Android,18000000,"Samsung Galaxy S8+",220000,4.17,3.61,5.15,,
"galaxy s9",Android,2700000,"Samsung Galaxy S9",19000,2.69,2.44,3.08,,
"galaxy s9+",Android,3900000,"Samsung Galaxy S9+",31000,4.22,3.88,4.65,,
"galaxy star",Android,2200000,"Samsung Galaxy Star",1000,0,0,0,,
"galaxy star 2",Android,560000,"Samsung Galaxy Star 2",1000,0,0,0,,
"galaxy star advance",Android,2200000,"Samsung Galaxy Star Advance",28000,4.1,4.1,4.1,,
"galaxy star pro",Android,4100000,"Samsung Galaxy Star Pro",34000,3.17,3.17,3.17,,
"galaxy star trios",Android,58000,"Samsung Galaxy Star Trios",1000,0,0,0,,
"galaxy tab 10.1",Android,1000,"Google Galaxy Tab 10.1",4200,3.73,3.35,4.41,,
"galaxy tab 2 10.1",Android,2000000,"Samsung Galaxy Tab 2 10.1",62000,2.21,2.08,2.4,,
"galaxy tab 2 7.0",Android,2400000,"Samsung Galaxy Tab 2 7.0",44000,2.28,2.04,2.63,,
"galaxy tab 3 10.1",Android,2500000,"Samsung Galaxy Tab 3 10.1",56000,3.97,3.7,4.45,,
"galaxy tab 3 7.0",Android,3700000,"Samsung Galaxy Tab 3 7.0",34000,1.73,1.73,1.78,,
"galaxy tab 3 8.0",Android,1800000,"Samsung Galaxy Tab 3 8.0",83000,2.27,2.08,2.56,,
"galaxy tab 3 lite",Android,7200000,"Samsung Galaxy Tab 3 Lite",30000,2.1,2.08,2.27,,
"galaxy tab 3 v",Android,6400000,"Samsung Galaxy Tab 3 V",26000,2.04,1.78,2.44,,
"galaxy tab 4 10.1",Android,4500000,"Samsung Galaxy Tab 4 10.1",78000,2.19,2.13,2.4,,
"galaxy tab 4 7.0",Android,6900000,"Samsung Galaxy Tab 4 7.0",62000,2.27,2.1,2.62,,
"galaxy tab 4 8.0",Android,1000,"Samsung Galaxy Tab 4 8.0",29000,2.28,2.05,2.61,,
"galaxy tab a",Android,19000,"Samsung Galaxy Tab A",1000,0,0,0,,
"galaxy tab a 10.1 (2016)",Android,7300000,"Samsung Galaxy Tab A 10.1 (2016)",55000,2.79,2.35,3.52,,
"galaxy tab a 7.0 (2016)",Android,4700000,"Samsung Galaxy Tab A 7.0 (2016)",60000,2.76,2.54,3.23,,
"galaxy tab a 8.0",Android,4000000,"Samsung Galaxy Tab A 8.0",59000,2.49,2.26,2.86,,
"galaxy tab a 9.7",Android,4800000,"Samsung Galaxy Tab A 9.7",67000,3.6,3.35,3.96,,
"galaxy tab e 8.0",Android,1700000,"Samsung Galaxy Tab E 8.0",1000,3.45,2.96,4.34,,
"galaxy tab e 9.6",Android,7200000,"Samsung Galaxy Tab E 9.6",79000,3.38,3.16,3.85,,
"galaxy tab pro 10.1",Android,330000,"Samsung Galaxy Tab Pro 10.1",10000,3.21,2.85,3.83,,
"galaxy tab s 10.5",Android,1600000,"Samsung Galaxy Tab S 10.5",38000,2.14,1.93,2.41,,
"galaxy tab s2 8.0",Android,1200000,"Samsung Galaxy Tab S2 8.0",14000,2.87,2.34,3.53,,
"galaxy tab s2 9.7",Android,2600000,"Samsung Galaxy Tab S2 9.7",19000,2.53,1.94,3.5,,
"galaxy trend",Android,1500000,"Samsung Galaxy Trend",1500,2.87,2.87,2.99,,
"galaxy trend lite",Android,1300000,"Samsung Galaxy Trend Lite",6400,1.69,1.69,1.69,,
"galaxy trend lite 2",Android,5300,"Samsung Galaxy Trend Lite 2",1000,0,0,0,,
"galaxy trend plus",Android,3000000,"Samsung Galaxy Trend Plus",1000,2.96,2.4,3.8,,
"galaxy v",Android,6100000,"Samsung Galaxy V",1000,2.62,1.99,3.48,,
"galaxy v plus",Android,3700000,"Samsung Galaxy V Plus",1000,0,0,0,,
"galaxy w",Android,240000,"Samsung Galaxy W",1000,2.11,1.67,2.95,,
"galaxy win",Android,250000,"Samsung Galaxy Win",1000,2.15,2.15,2.15,,
"galaxy win 2 duos tv",Android,980000,"Samsung Galaxy Win 2 Duos TV",1000,3.76,3.76,3.76,,
"galaxy win duos",Android,2500000,"Samsung Galaxy Win Duos",1000,0,0,0,,
"galaxy xcover 3",Android,1100000,"Samsung Galaxy Xcover 3",1000,2.4,2.02,2.92,,
"galaxy y",Android,3400000,"Samsung Galaxy Y",1000,4.84,4.11,5.91,,
"galaxy y duos",Android,960000,"Samsung Galaxy Y Duos",1200,2.14,2.01,2.36,,
"galaxy y plus",Android,350000,"Samsung Galaxy Y Plus",1000,0,0,0,,
"galaxy y pro",Android,34000,"Samsung Galaxy Y Pro",1000,0,0,0,,
"galaxy y tv",Android,59000,"Samsung Galaxy Y TV",1000,0,0,0,,
"galaxy young",Android,2000000,"Samsung Galaxy Young",1500,3.34,3.34,3.34,,
"galaxy young 2",Android,1000,"Samsung Galaxy Young 2",2500,0,0,0,,
"galaxy young 2 duos",Android,210000,"Samsung Galaxy Young 2 Duos",1000,0,0,0,,
"galaxy young plus tv",Android,450000,"Samsung Galaxy Young Plus TV",1000,0,0,0,,
gionee,Android,15000000,"Gionee Devices",52000,4.48,4.48,4.48,,
google,Android,16000000,"Google Devices",150000,2.26,2.13,2.49,,
gr3,Android,2400000,"Huawei GR3",21000,2.98,2.85,3.18,,
gr5,Android,1800000,"Huawei GR5",1000,2.15,1.72,2.98,,
"gr5 2017",Android,2400000,"Huawei GR5 2017",3800,1.95,1.77,2.21,,
"honor 3c",Android,830000,"Huawei Honor 3C",7500,3.28,3.28,3.49,,
"honor 4a",Android,62000,"Huawei Honor 4A",1000,0,0,0,,
"honor 4c",Android,1700000,"Huawei Honor 4C",82000,2.57,2.41,2.81,,
"honor 4x",Android,1300000,"Huawei Honor 4X",25000,2.5,2.5,2.5,,
"honor 5c",Android,1200000,"Huawei Honor 5C",140000,2.63,2.59,2.77,,
"honor 5x",Android,1000,"Huawei Honor 5X",71000,1.97,1.97,2.03,,
"honor 6x",Android,2300000,"Huawei Honor 6X",82000,2.84,2.84,2.89,,
"honor 8",Android,1600000,"Huawei Honor 8",130000,2.77,2.5,3.22,,
"honor bee",Android,1600000,"Huawei Honor Bee",48000,3.91,3.91,3.91,,
"honor holly",Android,1100000,"Huawei Honor Holly",7600,2.21,2.11,2.34,,
"hot 2",Android,800000,"Infinix Hot 2",1000,0,0,0,,
"hot 4",Android,1800000,"Infinix Hot 4",1000,0,0,0,,
"hot 4 lite",Android,2200000,"Infinix Hot 4 Lite",1000,0,0,0,,
"hot 5",Android,2000000,"Infinix Hot 5",1000,0,0,0,,
"hot 5 lite",Android,1000,"Infinix Hot 5 Lite",1000,2.42,2.42,2.46,,
"hot note",Android,1200000,"Infinix Hot Note",1000,2.35,1.98,3.01,,
htc,Android,33000000,"Htc Devices",620000,3.32,3.32,3.51,,
huawei,Android,190000000,"Huawei Devices",2900000,2.98,2.98,3.06,,
"ilium x210",Android,1100000,"Lanix Ilium X210",1000,0,0,0,,
infinix,Android,17000000,"Infinix Devices",1800,2.6,2.06,3.47,,
"iris 700",Android,240000,"Lava Iris 700",1000,0,0,0,,
"iris 820",Android,1000000,"Lava Iris 820",1000,0,0,0,,
it1408,Android,1300000,"Itel it1408",1000,0,0,0,,
it1409,Android,1300000,"Itel it1409",1000,0,0,0,,
it1508,Android,2400000,"Itel it1508",1000,0,0,0,,
itel,Android,18000000,"Itel Devices",1100,2.76,2.23,3.57,,
jerry,Android,1500000,"Wiko Jerry",1000,2.29,1.98,2.82,,
joy,Android,2200000,"Lg Joy",1000,0,0,0,,
"joy 3",Android,2000000,"Oppo Joy 3",1000,0,0,0,,
k10,Android,12000000,"Lg K10",96000,2.69,2.69,2.84,,
"k10 (2017)",Android,5200000,"Lg K10 (2017)",29000,2.52,2.25,3.52,,
"k20 plus",Android,2900000,"Lg K20 Plus",1000,0,0,0,,
"k3 note",Android,2200000,"Lenovo K3 Note",13000,1.99,1.92,2.19,,
k4,Android,1500000,"Lg K4",6100,3.5,3.5,3.55,,
"k4 (2017)",Android,1100000,"Lg K4 (2017)",1000,2.4,2.29,2.65,,
k5,Android,1700000,"Lg K5",31000,2.44,2.44,2.44,,
"k5 note",Android,5100,"Lenovo K5 Note",1000,0,0,0,,
"k6 note",Android,1600000,"Lenovo K6 Note",11000,2.23,2.23,2.23,,
"k6 power",Android,2000000,"Lenovo K6 Power",15000,2.5,2.5,2.5,,
k7,Android,1800000,"Lg K7",63000,2,2,2,,
k8,Android,5100000,"Lg K8",92000,2.4,2.4,2.42,,
"k8 (2017)",Android,2000000,"Lg K8 (2017)",25000,2.78,2.53,3.12,,
"kindle fire",Android,180000,"Amazon Kindle Fire",1000,0,0,0,,
"kindle fire hd 7 (2012)",Android,1000,"Amazon Kindle Fire HD 7 (2012)",1000,0,0,0,,
"kindle fire hd 7 (2013)",Android,190000,"Amazon Kindle Fire HD 7 (2013)",1000,0,0,0,,
"kindle fire hd 8.9",Android,110000,"Amazon Kindle Fire HD 8.9",1000,0,0,0,,
"kindle fire hdx 7",Android,320000,"Amazon Kindle Fire HDX 7",1000,0,0,0,,
"kindle fire hdx 8.9",Android,73000,"Amazon Kindle Fire HDX 8.9",1000,0,0,0,,
"l bello",Android,900000,"Lg L Bello",4200,2.49,2.49,2.59,,
"l fino",Android,380000,"Lg L Fino",1500,2.63,2.52,2.84,,
"l prime dual",Android,1300000,"Lg L Prime Dual",1000,0,0,0,,
l20,Android,930000,"Lg L20",1000,0,0,0,,
l50,Android,730000,"Lg L50",1000,0,0,0,,
l70,Android,1600000,"Lg L70",9100,2.96,2.95,3.16,,
lanix,Android,1000,"Lanix Devices",1000,0,0,0,,
lava,Android,20000000,"Lava Devices",3700,2.52,2.32,2.87,,
"lenny 2",Android,1000,"Wiko Lenny 2",1000,0,0,0,,
"lenny 3",Android,1300000,"Wiko Lenny 3",1000,0,0,0,,
lenovo,Android,78000000,"Lenovo Devices",1800000,2.37,2.37,2.37,,
leon,Android,1000,"Lg Leon",38000,4.06,4.06,4.2,,
lg,Android,140000000,"Lg Devices",1000000,3.1,3.06,3.26,,
magna,Android,1700000,"Lg Magna",40000,2.99,2.99,3.12,,
"mate 10 lite",Android,3700000,"Huawei Mate 10 Lite",44000,4.06,3.6,4.72,,
"mate 10 pro",Android,1000000,"Huawei Mate 10 Pro",1600,3.57,2.87,4.63,,
"mate 8",Android,910000,"Huawei Mate 8",3800,3.64,3.21,4.24,,
"mate 9",Android,1400000,"Huawei Mate 9",3400,3.94,3.19,5.18,,
"mediapad t1 7.0",Android,4000000,"Huawei MediaPad T1 7.0",59000,2.5,2.5,2.54,,
"mi 4i",Android,1300000,"Xiaomi Mi 4i",17000,3.19,3.11,3.37,,
"mi 5",Android,1200000,"Xiaomi Mi 5",150000,2.07,2.03,2.18,,
"mi a1",Android,6000000,"Xiaomi Mi A1",130000,3.81,3.61,4.25,,
"mi max",Android,1100000,"Xiaomi Mi Max",50000,3.3,3.12,3.6,,
"mi max 2",Android,1300000,"Xiaomi Mi Max 2",64000,2.87,2.46,3.45,,
micromax,Android,24000000,"Micromax Devices",410000,4.46,4.46,4.46,,
"moto c",Android,5000000,"Motorola Moto C",23000,2.45,2.45,2.45,,
"moto c plus",Android,4900000,"Motorola Moto C Plus",8300,3.42,3.23,3.75,,
"moto e",Android,2400000,"Motorola Moto E",1000,0,0,0,,
"moto e (2016)",Android,1900000,"Motorola Moto E (2016)",1000,2.37,2.16,2.65,,
"moto e (2nd gen)",Android,4200000,"Motorola Moto E (2nd gen)",1900,3.17,3.13,3.47,,
"moto e (4th gen)",Android,5900000,"Motorola Moto E (4th gen)",5900,2.79,2.77,2.93,,
"moto e (4th gen) plus",Android,6500000,"Motorola Moto E (4th gen) Plus",9000,2.63,2.58,2.77,,
"moto g",Android,7900000,"Motorola Moto G",3800,5,4.96,5.49,,
"moto g (2nd gen)",Android,910000,"Motorola Moto G (2nd Gen)",1000,2.4,2.05,3.02,,
"moto g (3rd gen)",Android,930000,"Motorola Moto G (3rd Gen)",1000,0,0,0,,
"moto g (4th gen)",Android,11000000,"Motorola Moto G (4th Gen)",2100,2.34,1.97,2.87,,
"moto g 2nd gen",Android,1100,"Motorola Moto G 2nd Gen",1000,0,0,0,,
"moto g 2nd generation",Android,460000,"Motorola Moto G 2nd generation",1000,0,0,0,,
"moto g 4g",Android,240000,"Motorola Moto G 4G",1000,0,0,0,,
"moto g dtv",Android,3000000,"Motorola Moto G DTV",1000,0,0,0,,
"moto g forte",Android,110000,"Motorola Moto G Forte",1000,0,0,0,,
"moto g play",Android,6800000,"Motorola Moto G Play",1000,2.12,1.83,2.61,,
"moto g2",Android,4400000,"Motorola Moto G2",1000,0,0,0,,
"moto g3",Android,10000000,"Motorola Moto G3",11000,2.72,2.6,3,,
"moto g5",Android,7700000,"Motorola Moto G5",1400,2.58,2.22,3.14,,
"moto g5 plus",Android,5700000,"Motorola Moto G5 Plus",1100,2.8,2.3,3.56,,
"moto g5s",Android,3700000,"Motorola Moto G5S",2300,2.1,1.9,2.37,,
"moto g5s plus",Android,3700000,"Motorola Moto G5S Plus",1000,2.57,1.98,3.45,,
"moto x",Android,1600000,"Motorola Moto X",28000,2.33,2.33,2.33,,
"moto x (2nd gen)",Android,840000,"Motorola Moto X (2nd Gen)",1500,3.22,2.85,3.91,,
"moto x play",Android,1900000,"Motorola Moto X Play",9500,4.27,4.27,4.27,,
"moto x pure",Android,1000,"Motorola Moto X Pure",1000,0,0,0,,
"moto z droid",Android,1200000,"Motorola Moto Z Droid",1300,1.96,1.68,2.37,,
"moto z play dual",Android,1200000,"Motorola Moto Z Play Dual",1600,2.88,2.47,3.43,,
"moto z2 play",Android,1600000,"Motorola Moto Z2 Play",1500,4.49,4.06,5.13,,
motorola,Android,1000,"Motorola Devices",140000,2.85,2.85,2.85,,
"neo 3",Android,910000,"Oppo Neo 3",1000,0,0,0,,
"neo 5",Android,5800000,"Oppo Neo 5",1000,1.96,1.48,2.68,,
"neo 7",Android,14000000,"Oppo Neo 7",1100,2.11,1.67,2.72,,
"neo 7s",Android,1100000,"Oppo Neo 7S",1000,1.9,1.5,2.4,,
"nexus 10",Android,380000,"Google Nexus 10",8500,3.06,2.82,3.44,,
"nexus 5",Android,1600000,"Google Nexus 5",53000,2.06,2.02,2.16,,
"nexus 5x",Android,1100000,"Google Nexus 5X",13000,3.4,3.04,4.23,,
"nexus 6",Android,390000,"Google Nexus 6",2800,4.18,4.18,4.18,,
"nexus 6p",Android,1100000,"Google Nexus 6P",7900,2.89,2.49,3.66,,
"nexus 7",Android,3500000,"Google Nexus 7",38000,2.06,2.06,2.17,,
"nexus 9",Android,110000,"Google Nexus 9",1900,2.53,2.22,2.98,,
"note 2",Android,950000,"Infinix Note 2",1000,0,0,0,,
"note 3 neo duos",Android,1000,"Samsung Note 3 Neo Duos",1000,0,0,0,,
"note 4",Android,1000,"Infinix Note 4",1000,0,0,0,,
"nova 2i",Android,1700000,"Huawei Nova 2i",1000,2.81,2.21,3.82,,
"nova lite",Android,9900000,"Huawei Nova Lite",9700,2.37,2.22,2.62,,
"nova young",Android,1100000,"Huawei Nova Young",1000,2.89,2.55,3.44,,
nyx,Android,910000,"Nyx Devices",1000,2.05,2.04,2.19,,
"one (e8)",Android,210000,"Htc One (E8)",5000,2.58,2.42,2.84,,
"one (m7)",Android,2300000,"Htc One (M7)",60000,2.53,2.53,2.72,,
"one (m8)",Android,3400000,"Htc One (M8)",72000,2.34,2.29,2.48,,
"one e9+",Android,1000,"Htc One E9+",6400,3.05,3.05,3.21,,
"one m9",Android,1200000,"Htc One M9",11000,4.34,4.32,4.54,,
"one m9+",Android,260000,"Htc One M9+",2600,3.01,2.97,3.15,,
"one max",Android,170000,"Htc One Max",2600,1.89,1.86,1.97,,
"one mini",Android,340000,"Htc One Mini",16000,3.32,2.95,3.91,,
"one mini 2",Android,18000,"Htc One Mini 2",1000,0,0,0,,
"one sv",Android,46000,"Htc One SV",1000,0,0,0,,
"one touch pixi 3",Android,1000,"Alcatel One Touch Pixi 3",23000,1.98,1.98,1.98,,
"one touch pixi 3 (3.5)",Android,1000000,"Alcatel One Touch Pixi 3 (3.5)",20000,3.03,3.03,3.11,,
"one touch pixi 3 (4.5)",Android,930000,"Alcatel One Touch Pixi 3 (4.5)",52000,2.42,2.42,2.42,,
"one touch pixi 4 (4)",Android,2200000,"Alcatel One Touch Pixi 4 (4)",21000,3.36,3.36,3.36,,
"one touch pixi 4 (5)",Android,3900000,"Alcatel One Touch Pixi 4 (5)",94000,0,0,0,,
"one touch pixi 4 (5.0)",Android,1400000,"Alcatel One Touch Pixi 4 (5.0)",1000,0,0,0,,
"one touch pixi 4 (6)",Android,2000000,"Alcatel One Touch Pixi 4 (6)",7000,2.76,2.74,2.99,,
"one touch pop 3 (5)",Android,1600000,"Alcatel One Touch Pop 3 (5)",43000,2.47,2.47,2.47,,
"one touch pop 3 (5.5)",Android,920000,"Alcatel One Touch Pop 3 (5.5)",31000,2.97,2.84,3.23,,
"one touch pop c1",Android,1800000,"Alcatel One Touch Pop C1",1000,2.59,2.58,2.74,,
"one touch pop c3",Android,830000,"Alcatel One Touch Pop C3",2300,0,0,0,,
"one touch pop c5",Android,940000,"Alcatel One Touch Pop C5",20000,2.01,2.01,2.13,,
"one touch pop c7",Android,1300000,"Alcatel One Touch Pop C7",22000,2.64,2.64,2.64,,
"one x",Android,210000,"Htc One X",6500,3.38,3.38,3.38,,
"one x+",Android,41000,"Htc One X+",1600,2.67,2.54,2.87,,
"one x9",Android,350000,"Htc One X9",6200,2.87,2.74,3.1,,
"one xl",Android,23000,"Htc One XL",1000,0,0,0,,
oneplus,Android,7700000,"Oneplus Devices",150000,4.66,4.66,4.83,,
"oneplus one",Android,810000,"Oneplus OnePlus One",9800,2.57,2.49,2.73,,
oppo,Android,120000000,"Oppo Devices",30000,3.24,2.85,3.73,,
"optimus f60",Android,130000,"Lg Optimus F60",1000,2.49,2.49,2.49,,
"optimus l1 ii",Android,850000,"Lg Optimus L1 II",1000,4.59,4.58,4.76,,
"optimus l3",Android,560000,"Lg Optimus L3",1000,0,0,0,,
"optimus l3 ii",Android,860000,"Lg Optimus L3 II",1000,0,0,0,,
"optimus l4 ii",Android,440000,"Lg Optimus L4 II",2300,1.86,1.86,1.9,,
"optimus l5",Android,1000000,"Lg Optimus L5",10000,2.86,2.86,2.86,,
"optimus l5 dual",Android,1000,"Lg Optimus L5 Dual",1000,0,0,0,,
"optimus l5 ii",Android,600000,"Lg Optimus L5 II",1100,2.64,2.64,2.74,,
"optimus l5 ii dual",Android,84000,"Lg Optimus L5 II Dual",2900,2.94,2.94,2.94,,
"optimus l7",Android,370000,"Lg Optimus L7",3100,4.1,4.1,4.1,,
"optimus l7 ii",Android,450000,"Lg Optimus L7 II",2100,5.18,5.01,5.92,,
"optimus l7 ii dual",Android,1000,"Lg Optimus L7 II Dual",6000,2.49,2.38,2.8,,
"optimus l70",Android,35000,"Lg Optimus L70",1000,0,0,0,,
"optimus l9",Android,270000,"Lg Optimus L9",1000,2.04,1.79,2.41,,
"optimus l9 ii",Android,75000,"Lg Optimus L9 II",1000,0,0,0,,
"optimus l90",Android,310000,"Lg Optimus L90",1000,4.19,4.14,4.45,,
"p smart",Android,1400000,"Huawei P Smart",29000,3.78,3.63,4.15,,
p10,Android,1000,"Huawei P10",32000,2.64,2.32,3.06,,
"p10 lite",Android,7900000,"Huawei P10 Lite",98000,2.08,2,2.28,,
p5l,Android,1400000,"Gionee P5L",1000,0,0,0,,
p5w,Android,1400000,"Gionee P5W",1000,2.05,1.83,2.42,,
p8,Android,1800000,"Huawei P8",5600,2.62,2.29,3.17,,
"p8 lite",Android,17000000,"Huawei P8 Lite",28000,2.49,2.24,2.93,,
p9,Android,1000,"Huawei P9",18000,3.27,2.64,4.15,,
"p9 lite",Android,11000000,"Huawei P9 Lite",79000,3.41,3.3,3.68,,
pixel,Android,1200000,"Google Pixel",2900,4.72,3.79,5.97,,
"pixel 2",Android,1300000,"Google Pixel 2",2100,2.79,2.22,3.51,,
"pixel 2 xl",Android,1200000,"Google Pixel 2 XL",1800,3.3,2.76,4.23,,
"pixel xl",Android,1900000,"Google Pixel XL",2600,3.68,3.52,4.06,,
"plume p6 pro",Android,2400000,"Condor Plume P6 Pro",1000,2.09,1.61,2.73,,
"pocket neo",Android,84000,"Samsung Pocket Neo",1000,0,0,0,,
q10,Android,300000,"Blackberry Q10",1000,4.08,3.31,5.11,,
q6,Android,2200000,"Lg Q6",32000,3.37,3.12,3.81,,
r9s,Android,990000,"Oppo R9s",1000,0,0,0,,
razr,Android,46000,"Motorola RAZR",1000,0,0,0,,
"razr d1",Android,460000,"Motorola Razr D1",1000,0,0,0,,
"razr d3",Android,75000,"Motorola Razr D3",1000,0,0,0,,
"razr hd",Android,38000,"Motorola RAZR HD",1000,0,0,0,,
"razr i",Android,1000,"Motorola RAZR i",1000,0,0,0,,
"redmi 1s",Android,5100000,"Xiaomi Redmi 1S",65000,3.15,3.15,3.19,,
"redmi 2",Android,4800000,"Xiaomi Redmi 2",13000,2.8,2.74,3.04,,
"redmi 3",Android,2700000,"Xiaomi Redmi 3",110000,2.49,2.45,2.63,,
"redmi 3s",Android,9700000,"Xiaomi Redmi 3S",340000,1.92,1.83,2.14,,
"redmi 4",Android,12000000,"Xiaomi Redmi 4",290000,2.98,2.83,3.29,,
"redmi 4a",Android,20000000,"Xiaomi Redmi 4A",410000,3.15,2.93,3.52,,
"redmi 4x",Android,12000000,"Xiaomi Redmi 4X",960000,3.09,3.09,3.09,,
"redmi 5",Android,1400000,"Xiaomi Redmi 5",42000,2.24,2.24,2.39,,
"redmi 5 plus",Android,1400000,"Xiaomi Redmi 5 Plus",100000,3.62,3.62,3.84,,
"redmi 5a",Android,10000000,"Xiaomi Redmi 5A",110000,2.73,2.44,3.07,,
"redmi note",Android,1100000,"Xiaomi Redmi Note",1300,1.92,1.74,2.2,,
"redmi note 2",Android,1000,"Xiaomi Redmi Note 2",54000,3.01,3.01,3.05,,
"redmi note 3",Android,9800000,"Xiaomi Redmi Note 3",320000,1.85,1.85,1.85,,
"redmi note 4",Android,28000000,"Xiaomi Redmi Note 4",900000,2.81,2.68,3.23,,
"redmi note 4g",Android,990000,"Xiaomi Redmi Note 4G",1000,3.24,2.98,3.72,,
"redmi note 4x",Android,1600000,"Xiaomi Redmi Note 4X",88000,3.61,3.49,3.9,,
"redmi note 5",Android,2300000,"Xiaomi Redmi Note 5",1000,3.12,2.81,3.65,,
"redmi note 5 pro",Android,1000,"Xiaomi Redmi Note 5 Pro",1000,0,0,0,,
"redmi note 5a",Android,6600000,"Xiaomi Redmi Note 5A",200000,2.07,2.07,2.07,,
"redmi y1",Android,3000000,"Xiaomi Redmi Y1",1000,0,0,0,,
"redmi y1 lite",Android,1800000,"Xiaomi Redmi Y1 Lite",1000,0,0,0,,
rocstar,Android,1000,"Lenovo RocStar",21000,1.82,1.77,1.93,,
s11,Android,1100000,"Itel S11",1000,0,0,0,,
samsung,Android,1100000000,"Samsung Devices",8800000,1.74,1.74,1.74,,
"series iii l70",Android,1000,"Lg Series III L70",1000,0,0,0,,
sharp,Android,1000,"Sharp Devices",4700,3.49,3.49,3.57,,
smart,Android,1200000,"Infinix Smart",2700,3.58,3.58,3.58,,
"smart kicka",Android,1200000,"Vodafone Smart Kicka",1000,0,0,0,,
"smart max 4.0 plus",Android,840000,"True Smart Max 4.0 Plus",1000,0,0,0,,
"smart mini",Android,1800000,"Vodafone Smart Mini",1000,0,0,0,,
smartfren,Android,5000000,"Smartfren Devices",1000,0,0,0,,
sony,Android,66000000,"Sony Devices",1500000,2.88,2.77,3.09,,
sony_ericsson,Android,1000,"Sony_ericsson Devices",1000,0,0,0,,
"spark k7",Android,2800000,"Tecno Spark K7",1000,2.69,2.16,3.49,,
spirit,Android,2200000,"Lg Spirit",51000,2.18,2.18,2.18,,
spree,Android,1800000,"Lg Spree",1000,0,0,0,,
"stylo 2",Android,1100000,"Lg Stylo 2",1000,0,0,0,,
"stylo 2 plus",Android,970000,"Lg Stylo 2 Plus",1000,0,0,0,,
"stylo 3",Android,1700000,"Lg Stylo 3",1000,0,0,0,,
"stylo 3 plus",Android,1600000,"Lg Stylo 3 Plus",1000,0,0,0,,
"stylus 3",Android,920000,"Lg Stylus 3",1900,2.63,2.38,3.13,,
"tab 2 a7-30",Android,1800000,"Lenovo Tab 2 A7-30",51000,3.44,3.3,3.7,,
"tab3 7",Android,1600000,"Lenovo Tab3 7",38000,3.11,2.92,3.4,,
tecno,Android,29000000,"Tecno Devices",12000,2.98,2.7,3.53,,
"transformer pad",Android,1000,"Asus Transformer Pad",19000,2.2,2.12,2.36,,
"tribute 5",Android,1700000,"Lg Tribute 5",1000,0,0,0,,
true,Android,2700000,"True Devices",1000,0,0,0,,
"u ultra",Android,310000,"Htc U Ultra",1800,3.44,2.91,4.26,,
u5,Android,1900000,"Alcatel U5",29000,1.99,1.97,2.15,,
"unite 2",Android,900000,"Micromax Unite 2",1100,4.13,4.04,4.55,,
"unite 3",Android,450000,"Micromax Unite 3",1000,0,0,0,,
v10,Android,990000,"Lg V10",1500,2.61,2.23,3.1,,
v20,Android,2100000,"Lg V20",1700,3.03,2.68,3.56,,
v3,Android,1800000,"Vivo V3",1200,2.39,1.96,3.25,,
v5,Android,4600000,"Vivo V5",1000,1.96,1.58,2.47,,
v5s,Android,1000,"Vivo V5s",1000,2.56,2.02,3.44,,
v7,Android,2800000,"Vivo V7",1200,2.33,2.08,2.74,,
v7+,Android,2900000,"Vivo V7+",1000,3.68,2.89,5.18,,
v9,Android,980000,"Vivo V9",1000,0,0,0,,
"vibe b",Android,2500000,"Lenovo Vibe B",54000,2.23,2.23,2.28,,
"vibe c",Android,2100000,"Lenovo Vibe C",38000,3.39,3.2,3.76,,
"vibe c2",Android,2000000,"Lenovo Vibe C2",26000,3.36,3.36,3.36,,
"vibe k4 note",Android,2200000,"Lenovo Vibe K4 Note",5800,3.62,3.26,4.09,,
"vibe k5",Android,4000000,"Lenovo Vibe K5",34000,2.82,2.72,3.02,,
"vibe k5 note",Android,2000000,"Lenovo Vibe K5 Note",2300,2.43,2,3.1,,
"vibe k5 plus",Android,1800000,"Lenovo Vibe K5 Plus",22000,2.54,2.44,2.75,,
"vibe k6",Android,830000,"Lenovo Vibe K6",1000,3.65,3.61,3.9,,
"vibe p1m",Android,2000000,"Lenovo Vibe P1m",85000,1.86,1.86,1.86,,
vivo,Android,69000000,"Vivo Devices",13000,2.2,1.8,2.84,,
"vivo 1603",Android,1700,"Vivo vivo 1603",1000,0,0,0,,
vodafone,Android,9000000,"Vodafone Devices",2900,0,0,0,,
volt,Android,170000,"Lg Volt",1000,3.75,3.75,3.75,,
w2,Android,1500000,"Tecno W2",1000,0,0,0,,
w3,Android,2500000,"Tecno W3",1000,2.83,2.36,3.57,,
w4,Android,1000,"Tecno W4",1000,3.51,3.1,4.21,,
wiko,Android,13000000,"Wiko Devices",7500,3.26,3.04,3.51,,
wx3,Android,1700000,"Tecno WX3",1000,0,0,0,,
"x power",Android,1000,"Lg X Power",110000,2.61,2.53,2.89,,
"x power 2",Android,1300000,"Lg X Power 2",17000,3.73,3.39,4.33,,
"x style",Android,3100000,"Lg X Style",14000,2.24,2.2,2.41,,
x230,Android,4500000,"Lg X230",21000,3.39,3.38,3.51,,
xiaomi,Android,140000000,"Xiaomi Devices",4100000,1.72,1.67,1.81,,
"xperia arc s",Android,170000,"Sony_ericsson Xperia Arc S",1000,2.94,2.53,3.48,,
"xperia c",Android,820000,"Sony Xperia C",24000,1.56,1.56,1.6,,
"xperia c3 dual",Android,1100000,"Sony Xperia C3 Dual",20000,1.91,1.89,2.09,,
"xperia c4",Android,330000,"Sony Xperia C4",31000,4.24,4.24,4.36,,
"xperia c4 dual",Android,460000,"Sony Xperia C4 Dual",6600,2.89,2.72,3.29,,
"xperia c5 ultra",Android,400000,"Sony Xperia C5 Ultra",1000,0,0,0,,
"xperia c5 ultra dual",Android,490000,"Sony Xperia C5 Ultra Dual",16000,3.96,3.59,4.49,,
"xperia e",Android,480000,"Sony Xperia E",2300,6.33,6.01,6.88,,
"xperia e dual",Android,1000,"Sony Xperia E Dual",2000,1.24,1.21,1.32,,
"xperia e1",Android,690000,"Sony Xperia E1",3800,2.56,2.56,2.56,,
"xperia e1 dual",Android,380000,"Sony Xperia E1 Dual",3300,3.85,3.85,3.85,,
"xperia e3",Android,530000,"Sony Xperia E3",11000,3.85,3.85,3.9,,
"xperia e3 dual",Android,390000,"Sony Xperia E3 Dual",8400,2.57,2.41,2.81,,
"xperia e4",Android,1600000,"Sony Xperia E4",20000,2.23,2.23,2.27,,
"xperia e4g",Android,490000,"Sony Xperia E4g",5100,2.63,2.51,2.93,,
"xperia e4g dual",Android,85000,"Sony Xperia E4g Dual",5800,2.07,2.02,2.22,,
"xperia e5",Android,2100000,"Sony Xperia E5",100000,3.54,3.54,3.54,,
"xperia j",Android,290000,"Sony Xperia J",4900,3.17,2.99,3.52,,
"xperia l",Android,820000,"Sony Xperia L",13000,2.49,2.29,2.75,,
"xperia l1",Android,1700000,"Sony Xperia L1",1000,0,0,0,,
"xperia m",Android,1100000,"Sony Xperia M",18000,3.32,2.92,3.97,,
"xperia m2",Android,2500000,"Sony Xperia M2",58000,2.13,2.1,2.29,,
"xperia m2 aqua",Android,500000,"Sony Xperia M2 Aqua",13000,2.47,2.47,2.57,,
"xperia m4 aqua",Android,2800000,"Sony Xperia M4 Aqua",43000,3.65,3.57,3.9,,
"xperia m5",Android,760000,"Sony Xperia M5",14000,2.36,2.29,2.56,,
"xperia m5 dual",Android,320000,"Sony Xperia M5 Dual",17000,2.55,2.51,2.62,,
"xperia mini",Android,25000,"Sony Xperia Mini",1000,0,0,0,,
"xperia miro",Android,1000,"Sony Xperia Miro",1500,4.04,4.04,4.1,,
"xperia p",Android,170000,"Sony Xperia P",5400,1.89,1.89,1.89,,
"xperia s",Android,290000,"Sony Xperia S",6700,2.34,2.24,2.5,,
"xperia sp",Android,590000,"Sony Xperia SP",16000,3.3,3.04,3.77,,
"xperia tipo",Android,94000,"Sony Xperia Tipo",1000,2.93,2.8,3.15,,
"xperia tipo dual",Android,27000,"Sony Xperia Tipo Dual",1000,0,0,0,,
"xperia u",Android,1000,"Sony Xperia U",1000,2.46,2.46,2.46,,
"xperia ul",Android,1000,"Sony Xperia UL",1000,0,0,0,,
"xperia x",Android,1200000,"Sony Xperia X",34000,2.93,2.66,3.33,,
"xperia x compact",Android,1400000,"Sony Xperia X Compact",13000,3.04,2.75,3.61,,
"xperia x performance",Android,1300000,"Sony Xperia X Performance",11000,2.64,2.43,3.01,,
"xperia xa",Android,3700000,"Sony Xperia XA",140000,3.18,2.84,3.93,,
"xperia xa ultra",Android,1700000,"Sony Xperia XA Ultra",28000,2.97,2.97,3.1,,
"xperia xa1",Android,1000,"Sony Xperia XA1",73000,2.54,2.54,2.55,,
"xperia xa1 ultra",Android,1200000,"Sony Xperia XA1 Ultra",15000,3.17,2.93,3.59,,
"xperia xz",Android,3300000,"Sony Xperia XZ",13000,3.55,2.98,4.51,,
"xperia xz premium",Android,1200000,"Sony Xperia XZ Premium",8300,2.62,2.21,3.38,,
"xperia z",Android,1400000,"Sony Xperia Z",50000,2.2,2.14,2.28,,
"xperia z ultra",Android,400000,"Sony Xperia Z Ultra",9600,2.28,2.18,2.45,,
"xperia z1",Android,2100000,"Sony Xperia Z1",59000,2.97,2.66,3.44,,
"xperia z1 compact",Android,850000,"Sony Xperia Z1 Compact",51000,2.36,2.1,2.71,,
"xperia z1 f",Android,110000,"Sony Xperia Z1 f",1000,0,0,0,,
"xperia z1s",Android,1000,"Sony Xperia Z1s",1000,0,0,0,,
"xperia z2",Android,2700000,"Sony Xperia Z2",67000,3.63,3.6,4.1,,
"xperia z2 tablet",Android,420000,"Sony Xperia Z2 Tablet",24000,2.32,2.09,2.66,,
"xperia z2a",Android,12000,"Sony Xperia Z2a",1000,0,0,0,,
"xperia z3",Android,3200000,"Sony Xperia Z3",60000,2.81,2.56,3.22,,
"xperia z3 compact",Android,1800000,"Sony Xperia Z3 Compact",75000,2.83,2.71,3.13,,
"xperia z3 dual",Android,15000,"Sony Xperia Z3 Dual",1000,2.34,2.03,2.72,,
"xperia z3+",Android,350000,"Sony Xperia Z3+",4300,3.1,2.83,3.55,,
"xperia z3v",Android,57000,"Sony Xperia Z3v",1000,0,0,0,,
"xperia z5",Android,2600000,"Sony Xperia Z5",11000,2.35,2.14,2.7,,
"xperia z5 compact",Android,1500000,"Sony Xperia Z5 Compact",31000,3.37,3.17,3.75,,
"xperia z5 premium",Android,880000,"Sony Xperia Z5 Premium",8400,2.74,2.44,3.24,,
y15,Android,950000,"Vivo Y15",1000,0,0,0,,
y2,Android,2800000,"Tecno Y2",1000,0,0,0,,
y21,Android,2300000,"Vivo Y21",1000,2.84,2.84,2.84,,
y21l,Android,5200000,"Vivo Y21L",1000,2.16,1.71,2.78,,
"y3 (2017)",Android,4500000,"Huawei Y3 (2017)",100000,3.2,3.2,3.2,,
"y3 ii",Android,9800000,"Huawei Y3 II",52000,2.17,2.17,2.17,,
y360,Android,1600000,"Huawei Y360",1000,0,0,0,,
"y5 2017",Android,4900000,"Huawei Y5 2017",59000,2.97,2.97,2.97,,
"y5 ii",Android,11000000,"Huawei Y5 II",100000,2.76,2.76,2.76,,
y51,Android,1500000,"Vivo Y51",1000,0,0,0,,
y51l,Android,4100000,"Vivo Y51L",1000,0,0,0,,
y53,Android,16000000,"Vivo Y53",2200,2.88,2.62,3.24,,
y55l,Android,3200000,"Vivo Y55L",1000,2.17,1.71,2.87,,
y55s,Android,7300000,"Vivo Y55S",1400,2.4,1.83,3.24,,
y6,Android,4700000,"Huawei Y6",9300,1.51,1.43,1.67,,
"y6 ii",Android,9000000,"Huawei Y6 II",17000,2.43,2.13,2.98,,
"y6 pro",Android,2800000,"Huawei Y6 Pro",2800,1.45,1.3,1.74,,
"y6 pro (2017)",Android,1400000,"Huawei Y6 Pro (2017)",29000,3.7,3.52,4.04,,
y66,Android,2800000,"Vivo Y66",1000,1.92,1.62,2.39,,
y69,Android,3900000,"Vivo Y69",1000,2.14,1.71,2.82,,
y7,Android,2300000,"Huawei Y7",19000,3.37,3.37,3.37,,
"y7 prime",Android,1800000,"Huawei Y7 Prime",1000,1.92,1.58,2.43,,
z10,Android,480000,"Blackberry Z10",1000,2.5,2.16,3.15,,
z60,Android,1500000,"Lava Z60",1000,2.6,2.6,2.69,,
"zenfone 2",Android,590000,"Asus ZenFone 2",5800,2.98,2.57,3.73,,
"zenfone 2 deluxe",Android,1000,"Asus ZenFone 2 Deluxe",59000,2.18,1.99,2.43,,
"zenfone 2 laser",Android,5100000,"Asus ZenFone 2 Laser",200000,2.42,2.37,2.61,,
"zenfone 3",Android,2200000,"Asus ZenFone 3",35000,4.5,4.31,4.96,,
"zenfone 3 max",Android,3500000,"Asus ZenFone 3 Max",130000,2.87,2.87,2.91,,
"zenfone 4",Android,1000,"Asus ZenFone 4",17000,3.06,3.05,3.27,,
"zenfone 4 max",Android,1300000,"Asus ZenFone 4 Max",46000,4.64,4.51,5.15,,
"zenfone 5",Android,4100000,"Asus ZenFone 5",51000,2.03,1.82,2.36,,
"zenfone 6",Android,660000,"Asus ZenFone 6",9700,3.6,3.48,3.94,,
"zenfone c",Android,2600000,"Asus ZenFone C",9600,1.68,1.55,1.94,,
"zenfone go",Android,5100000,"Asus ZenFone Go",96000,2,2,2.04,,
"zenfone go 4.5",Android,3500000,"Asus ZenFone Go 4.5",46000,1.94,1.94,1.95,,
"zenfone go tv",Android,1200000,"Asus ZenFone Go TV",1000,2.25,1.94,2.83,,
"zenfone laser 2",Android,1000,"Asus ZenFone Laser 2",1000,0,0,0,,
"zenfone max",Android,2600000,"Asus ZenFone Max",33000,3.9,3.51,4.49,,
"zenfone selfie",Android,1500000,"Asus ZenFone Selfie",38000,4.18,4.18,4.18,,
"zmax pro",Android,1900000,"Zte Zmax Pro",1000,0,0,0,,
zone,Android,680000,"Lg Zone",1000,0,0,0,,
zte,Android,38000000,"Zte Devices",1100000,2.16,2.16,2.17,,
